{
  "productList": [
    {
      "productName": "Product A",
      "productId": "A",
      "productCount": 1,
      "productDescription": "Product A Product A Product A Product A",
      "productIsAvailable": true
    },
    {
      "productName": "Product B",
      "productId": "B",
      "productCount": 1,
      "productDescription": "Product A Product A Product A Product A",
      "productIsAvailable": true
    },
    {
      "productName": "Product C",
      "productId": "C",
      "productCount": 1,
      "productDescription": "Product A Product A Product A Product A",
      "productIsAvailable": true
    },
    {
      "productName": "Product D",
      "productId": "D",
      "productCount": 1,
      "productDescription": "Product A Product A Product A Product A",
      "productIsAvailable": true
    },
    {
      "productName": "Product E",
      "productId": "A",
      "productCount": 1,
      "productDescription": "Product A Product A Product A Product A",
      "productIsAvailable": true
    },
    {
      "productName": "Product A",
      "productId": "E",
      "productCount": 1,
      "productDescription": "Product A Product A Product A Product A",
      "productIsAvailable": true
    },
    {
      "productName": "Product F",
      "productId": "F",
      "productCount": 1,
      "productDescription": "Product A Product A Product A Product A",
      "productIsAvailable": true
    },
    {
      "productName": "Product G",
      "productId": "G",
      "productCount": 1,
      "productDescription": "Product A Product A Product A Product A",
      "productIsAvailable": true
    },
    {
      "productName": "Product H",
      "productId": "H",
      "productCount": 1,
      "productIsAvailable": true
    },
    {
      "productName": "Product I",
      "productId": "I",
      "productCount": 1,
      "productDescription": "Product A Product A Product A Product A",
      "productIsAvailable": true
    },
    {
      "productName": "Product J",
      "productId": "J",
      "productCount": 1,
      "productDescription": "Product A Product A Product A Product A",
      "productIsAvailable": true
    },
    {
      "productName": "Product K",
      "productId": "K",
      "productCount": 1,
      "productDescription": "Product A Product A Product A Product A",
      "productIsAvailable": true
    }
  ]
}
